time,label,image,window,rate_hz,load1,bridge_cpu,unreal_cpu,gpu_util,pulling
17:10:29,patched-busy,dhdevspace/auto_mns:tevv-airsim-ros2-bridge-humble-v1.0.0-camtilt.1,1,21.225,4.66,18.08%,203.74%,81,1
17:10:49,patched-busy,dhdevspace/auto_mns:tevv-airsim-ros2-bridge-humble-v1.0.0-camtilt.1,2,20.256,4.81,12.08%,189.59%,0,1
17:11:10,patched-busy,dhdevspace/auto_mns:tevv-airsim-ros2-bridge-humble-v1.0.0-camtilt.1,3,20.813,5.19,13.37%,202.79%,77,1
17:11:50,original-busy,dhdevspace/auto_mns:tevv-airsim-ros2-bridge-humble-v1.0.0@sha256:b91e4b92d6a8ec538da33ab40758ab3d1c0af99cb9bdf853452561e44046530c,1,13.620,5.20,12.62%,188.51%,90,1
17:12:11,original-busy,dhdevspace/auto_mns:tevv-airsim-ros2-bridge-humble-v1.0.0@sha256:b91e4b92d6a8ec538da33ab40758ab3d1c0af99cb9bdf853452561e44046530c,2,12.700,5.45,14.00%,176.62%,95,1
17:12:31,original-busy,dhdevspace/auto_mns:tevv-airsim-ros2-bridge-humble-v1.0.0@sha256:b91e4b92d6a8ec538da33ab40758ab3d1c0af99cb9bdf853452561e44046530c,3,12.215,5.14,13.01%,167.58%,96,1
17:13:11,patched-busy,dhdevspace/auto_mns:tevv-airsim-ros2-bridge-humble-v1.0.0-camtilt.1,1,21.227,4.67,18.41%,205.87%,86,1
17:13:32,patched-busy,dhdevspace/auto_mns:tevv-airsim-ros2-bridge-humble-v1.0.0-camtilt.1,2,21.149,4.01,18.30%,209.83%,84,1
17:13:52,patched-busy,dhdevspace/auto_mns:tevv-airsim-ros2-bridge-humble-v1.0.0-camtilt.1,3,19.890,3.67,18.54%,207.60%,86,1
17:14:56,orig-a,dhdevspace/auto_mns:tevv-airsim-ros2-bridge-humble-v1.0.0@sha256:b91e4b92d6a8ec538da33ab40758ab3d1c0af99cb9bdf853452561e44046530c,1,12.348,4.41,14.37%,176.71%,95,1
17:15:16,orig-a,dhdevspace/auto_mns:tevv-airsim-ros2-bridge-humble-v1.0.0@sha256:b91e4b92d6a8ec538da33ab40758ab3d1c0af99cb9bdf853452561e44046530c,2,12.109,4.63,13.64%,174.07%,94,1
17:15:37,orig-a,dhdevspace/auto_mns:tevv-airsim-ros2-bridge-humble-v1.0.0@sha256:b91e4b92d6a8ec538da33ab40758ab3d1c0af99cb9bdf853452561e44046530c,3,16.250,4.74,14.82%,173.34%,88,1
17:16:17,orig-b,dhdevspace/auto_mns:tevv-airsim-ros2-bridge-humble-v1.0.0@sha256:b91e4b92d6a8ec538da33ab40758ab3d1c0af99cb9bdf853452561e44046530c,1,21.049,3.93,17.00%,204.57%,83,1
17:16:37,orig-b,dhdevspace/auto_mns:tevv-airsim-ros2-bridge-humble-v1.0.0@sha256:b91e4b92d6a8ec538da33ab40758ab3d1c0af99cb9bdf853452561e44046530c,2,17.875,3.96,17.84%,201.49%,83,1
17:16:58,orig-b,dhdevspace/auto_mns:tevv-airsim-ros2-bridge-humble-v1.0.0@sha256:b91e4b92d6a8ec538da33ab40758ab3d1c0af99cb9bdf853452561e44046530c,3,13.749,4.12,16.33%,204.32%,79,1
17:17:38,patched-a,dhdevspace/auto_mns:tevv-airsim-ros2-bridge-humble-v1.0.0-camtilt.1,1,12.799,5.55,14.15%,176.26%,90,1
17:17:58,patched-a,dhdevspace/auto_mns:tevv-airsim-ros2-bridge-humble-v1.0.0-camtilt.1,2,11.960,4.95,14.16%,176.07%,95,1
17:18:19,patched-a,dhdevspace/auto_mns:tevv-airsim-ros2-bridge-humble-v1.0.0-camtilt.1,3,18.014,5.30,17.03%,201.60%,82,1
17:18:59,patched-b,dhdevspace/auto_mns:tevv-airsim-ros2-bridge-humble-v1.0.0-camtilt.1,1,20.398,4.44,17.54%,204.08%,79,1
17:19:19,patched-b,dhdevspace/auto_mns:tevv-airsim-ros2-bridge-humble-v1.0.0-camtilt.1,2,21.247,4.79,18.55%,210.37%,82,1
17:19:40,patched-b,dhdevspace/auto_mns:tevv-airsim-ros2-bridge-humble-v1.0.0-camtilt.1,3,20.948,4.27,17.08%,210.25%,83,1
17:33:29,orig-idle,dhdevspace/auto_mns:tevv-airsim-ros2-bridge-humble-v1.0.0@sha256:b91e4b92d6a8ec538da33ab40758ab3d1c0af99cb9bdf853452561e44046530c,1,17.068,4.76,17.71%,204.06%,87,0
17:33:49,orig-idle,dhdevspace/auto_mns:tevv-airsim-ros2-bridge-humble-v1.0.0@sha256:b91e4b92d6a8ec538da33ab40758ab3d1c0af99cb9bdf853452561e44046530c,2,14.540,6.99,13.97%,175.69%,91,0
17:34:10,orig-idle,dhdevspace/auto_mns:tevv-airsim-ros2-bridge-humble-v1.0.0@sha256:b91e4b92d6a8ec538da33ab40758ab3d1c0af99cb9bdf853452561e44046530c,3,12.679,5.94,14.92%,167.71%,95,0
17:34:50,patched-idle,dhdevspace/auto_mns:tevv-airsim-ros2-bridge-humble-v1.0.0-camtilt.1,1,12.669,4.88,14.43%,171.01%,95,0
17:35:10,patched-idle,dhdevspace/auto_mns:tevv-airsim-ros2-bridge-humble-v1.0.0-camtilt.1,2,13.053,4.89,14.75%,173.07%,95,0
17:35:31,patched-idle,dhdevspace/auto_mns:tevv-airsim-ros2-bridge-humble-v1.0.0-camtilt.1,3,13.442,5.72,14.75%,172.95%,94,0
17:36:11,orig-idle,dhdevspace/auto_mns:tevv-airsim-ros2-bridge-humble-v1.0.0@sha256:b91e4b92d6a8ec538da33ab40758ab3d1c0af99cb9bdf853452561e44046530c,1,12.456,7.32,13.00%,178.92%,90,0
17:36:32,orig-idle,dhdevspace/auto_mns:tevv-airsim-ros2-bridge-humble-v1.0.0@sha256:b91e4b92d6a8ec538da33ab40758ab3d1c0af99cb9bdf853452561e44046530c,2,12.978,6.80,14.15%,175.13%,95,0
17:36:52,orig-idle,dhdevspace/auto_mns:tevv-airsim-ros2-bridge-humble-v1.0.0@sha256:b91e4b92d6a8ec538da33ab40758ab3d1c0af99cb9bdf853452561e44046530c,3,12.455,6.94,13.77%,178.39%,95,0
17:37:32,patched-idle,dhdevspace/auto_mns:tevv-airsim-ros2-bridge-humble-v1.0.0-camtilt.1,1,12.581,7.47,14.67%,172.67%,92,0
17:37:53,patched-idle,dhdevspace/auto_mns:tevv-airsim-ros2-bridge-humble-v1.0.0-camtilt.1,2,12.777,6.80,16.74%,175.10%,95,0
17:38:13,patched-idle,dhdevspace/auto_mns:tevv-airsim-ros2-bridge-humble-v1.0.0-camtilt.1,3,12.704,6.56,14.22%,169.47%,95,0
